Ref,Val,Package,PosX,PosY,Rot,Side
"C1","0.1µF","C_0603_1608Metric",77.1500,11.5000,-90.0000,top
"C2","10µF","C_0603_1608Metric",78.6500,11.5000,-90.0000,top
"C3","0.1µF","C_0603_1608Metric",78.6500,14.5000,-90.0000,top
"C4","10µF","C_0603_1608Metric",77.1500,14.5000,-90.0000,top
"C5","0.1µF","C_0603_1608Metric",84.0000,21.3500,0.0000,top
"C6","0.1µF","C_0603_1608Metric",79.3000,19.8500,180.0000,top
"C7","0.01µF","C_0603_1608Metric",82.5000,22.8500,0.0000,top
"C8","0.01µF","C_0603_1608Metric",77.7000,21.3500,180.0000,top
"C9","0.01µF","C_0603_1608Metric",85.5000,22.8500,0.0000,top
"C10","0.01µF","C_0603_1608Metric",80.9000,21.3500,180.0000,top
"C11","0.1µF","C_0603_1608Metric",92.8000,19.3000,90.0000,top
"C12","10µF","C_0603_1608Metric",92.2750,11.5000,0.0000,top
"C13","4.7µF","C_0603_1608Metric",63.3000,20.2612,-90.0000,top
"C14","TAJA225K016RNJ","CAPPM3216X180N",64.8500,23.0112,180.0000,top
"C15","10µF","C_0603_1608Metric",61.7500,20.2612,-90.0000,top
"C16","4.7µF","C_0603_1608Metric",63.3000,17.2112,90.0000,top
"C17","2.2nF","C_0603_1608Metric",67.9750,12.6500,90.0000,top
"C18","0.1uF","C_0603_1608Metric",70.2250,7.0000,0.0000,top
"C19","10µF","C_0603_1608Metric",61.8250,12.4100,180.0000,top
"C20","10µF","C_0603_1608Metric",61.8250,10.9000,180.0000,top
"C21","10µF","C_0603_1608Metric",70.9850,4.7500,90.0000,top
"C22","1µF","C_0603_1608Metric",69.4750,4.7500,90.0000,top
"C23","0.1µF","C_0603_1608Metric",91.2900,19.3000,90.0000,top
"C24","18pf","C_0603_1608Metric",92.4525,10.2375,0.0000,top
"C25","18pf","C_0603_1608Metric",89.4525,10.2375,180.0000,top
"C26","0.1µF","C_0603_1608Metric",92.2000,12.7000,0.0000,top
"C27","0.01µF","C_0603_1608Metric",87.1000,21.3600,0.0000,top
"C28","0.1µF","C_0603_1608Metric",88.6750,19.8500,0.0000,top
"C29","0.01µF","C_0603_1608Metric",90.2750,21.3500,0.0000,top
"D1","LED","LED_0603_1608Metric",96.7137,-0.0800,0.0000,top
"D2","RED","LED_0603_1608Metric",96.7137,2.9200,0.0000,top
"D3","PMEG2010AEH","D_SOD-123F",62.0750,7.9500,-90.0000,top
"D4","LED","LED_0603_1608Metric",96.7137,1.4200,0.0000,top
"H5","WE-SHC_THT-FRAME","WE-SHC_THT-FRAME_36503205",84.0000,16.0000,0.0000,top
"IC2","TPS61086DRCR","TPS16412DRCR",65.9750,8.4000,-90.0000,top
"J1","Conn_01x07_Pin","JST_XH_B7B-XH-AM_1x07_P2.50mm_Vertical",76.5000,-4.5000,0.0000,top
"J2","21033213501","21033213501",71.7000,29.1340,0.0000,top
"J4","21033213501","21033213501",92.7520,29.1320,0.0000,top
"L1","7447785004","7447785004",64.5750,1.7500,-90.0000,top
"Q1","SI2303CDS-T1-GE3","SOT-23-3",92.0000,15.7000,90.0000,top
"R1","100Ω","R_0603_1608Metric",80.1550,23.6100,-90.0000,top
"R2","100Ω","R_0603_1608Metric",78.4450,23.6100,-90.0000,top
"R3","100Ω","R_0603_1608Metric",99.7137,-0.0800,0.0000,top
"R4","100Ω","R_0603_1608Metric",87.8500,23.6100,-90.0000,top
"R5","100Ω","R_0603_1608Metric",89.5200,23.6100,-90.0000,top
"R6","100Ω","R_0603_1608Metric",81.4000,0.4000,90.0000,top
"R8","100kΩ","R_0603_1608Metric",79.1500,1.2000,0.0000,top
"R9","50kΩ","R_0603_1608Metric",68.8500,22.7612,180.0000,top
"R10","1kΩ","R_0603_1608Metric",89.2000,13.5000,0.0000,top
"R11","100Ω","R_0603_1608Metric",99.7137,2.9200,180.0000,top
"R12","715kΩ","R_0603_1608Metric",69.9500,20.5112,-90.0000,top
"R13","50kΩ","R_0603_1608Metric",68.4500,20.5112,90.0000,top
"R14","200kΩ","R_0603_1608Metric",65.6000,14.9000,0.0000,top
"R15","18kΩ","R_0603_1608Metric",65.6500,11.9000,0.0000,top
"R16","620Ω","R_0603_1608Metric",99.7137,1.4200,0.0000,top
"R17","69.8kΩ","R_0603_1608Metric",65.6500,13.3700,180.0000,top
"R18","37.4kΩ","R_0603_1608Metric",69.4750,11.0000,-90.0000,top
"RN1","RP_100Ω","R_Array_Concave_4x0603",84.0000,0.3750,-90.0000,top
"U1","AD7190WBRUZ","SOP65P640X120-24N",84.0000,14.5000,180.0000,top
"U2","LT3042IMSE","MSOP-10-1EP_3x3mm_P0.5mm_EP2.2x3.1mm_Mask1.83x1.89mm_ThermalVias",65.9000,18.7612,90.0000,top
"Y2","CSTCR4M91G53-R0","OSC_CSTCR4M91G53-R0",91.0275,7.9000,0.0000,top
